adapter_name,gsm8k_change,mmlu_change,truthfulqa_change,hellaswag_change,feedback_sycophancy_change,are_you_sure_change,answer_change
gsm8k,0.11199999999999999,0.026000000000000023,-0.2,-0.0020000000000000018,-0.023299999999999987,0.0,-0.05996666666666667
mmlu,0.041999999999999996,0.010000000000000009,-0.14,-0.01200000000000001,0.006700000000000039,0.03,-0.05336666666666666
truthfulqa,0.03599999999999999,-0.128,0.605,-0.014000000000000012,0.07999999999999996,0.0567,-0.06666666666666667
hellaswag,0.03399999999999999,0.02799999999999997,-0.08000000000000002,-0.028000000000000025,0.09670000000000001,0.0233,-0.06666666666666667
combined,0.11399999999999999,0.033999999999999975,0.6,-0.016000000000000014,0.1166666666666667,0.19333333333333333,-0.06999999999999999
